tag,inital
407EDTIMER,0.0
403ARSTIMER,0.0
403GLTIMER,0.0
403GL0EV703,1
403ARS0EV016,1
403GL0EV705,1
403GL0EV704,1
403GL0EV702,1
0PIC085OP,36.2769
0PIC085PV,68.9873
0PIC085SP,68.9873
0PIC085TV,0.0
0PIC085CAS,0.0
0PIC085KC,2
0PIC085TI,0.5
0PIC085OPM,36.2783
0PIC085OPL,0.0
0PIC085OPH,100.0
403GLP003AB,1
403GLP002AB,1
403GLP001AB,1
403GLP005,1
403GL0PDI701,0.0040476
403GL0PDI072,0
403GL0LIC702OP,48.1315
403GL0LIC702PV,42.306
403GL0LIC702SP,42.306
403GL0LIC702TV,0.0
403GL0LIC702CAS,0.0
403GL0LIC702KC,3
403GL0LIC702TI,20.0
403GL0LIC702OPM,48.1315
403GL0LIC702OPL,0
403GL0LIC702OPH,500
403GL0LI713,0
403GL0LI717,10
403GL0PI728,2
403GL0LI716,10
403GL0LI715,10
403GL0TI711,101.529
403GL0TI720,45.6789
403GL0TI710,52.8794
0PIC710OP,38.2769
0PIC710PV,70.9873
0PIC710SP,68.9873
0PIC710TV,0.0
0PIC710CAS,0.0
0PIC710KC,2
0PIC710TI,0.5
0PIC710OPM,36.2783
0PIC710OPL,0.0
0PIC710OPH,100.0
403GL0LIC705OP,7.06829
403GL0LIC705PV,45.8315
403GL0LIC705SP,45.8315
403GL0LIC705TV,0.0
403GL0LIC705CAS,0.0
403GL0LIC705KC,3
403GL0LIC705TI,40
403GL0LIC705OPM,7.06829
403GL0LIC705OPL,0.0
403GL0LIC705OPH,100.0
403GL0TIC707OP,13.2702
403GL0TIC707PV,204.2
403GL0TIC707SP,204.2
403GL0TIC707TV,0.0
403GL0TIC707CAS,0.0
403GL0TIC707KC,3
403GL0TIC707TI,1.5
403GL0TIC707OPM,13.2702
403GL0TIC707OPL,0.0
403GL0TIC707OPH,100.0
403ARS0EV018,1
403GL0EV017,1
403GL0EV034,1
403GL0LI016,2
403GL0TIC001OP,21.7588
403GL0TIC001PV,40
403GL0TIC001SP,40
403GL0TIC001TV,0.0
403GL0TIC001CAS,0.0
403GL0TIC001KC,2
403GL0TIC001TI,1.5
403GL0TIC001OPM,21.7588
403GL0TIC001OPL,0.0
403GL0TIC001OPH,100.0
0PIC706OP,38.2769
0PIC706PV,70.9873
0PIC706SP,68.9873
0PIC706TV,0.0
0PIC706CAS,0.0
0PIC706KC,2
0PIC706TI,0.5
0PIC706OPM,36.2783
0PIC706OPL,0.0
0PIC706OPH,100.0
403GL0LIC708OP,51.0749
403GL0LIC708PV,45
403GL0LIC708SP,45
403GL0LIC708TV,0.0
403GL0LIC708CAS,0.0
403GL0LIC708KC,3
403GL0LIC708TI,20
403GL0LIC708OPM,51.0749
403GL0LIC708OPL,0.0
403GL0LIC708OPH,100.0
403GL0BV701,2
0BPZIC016,2
403GL0BP018,2
403GL0EV018,1
403GL0EV016,1
403GL0TI439,40.9454
403GL0PDI016,2
403GL0PI070,23.1607
403GL0FI025,78238.0
403GL0PDI051,0.0134385
403GL0LI017,63.8444
0BV011,2
403GL0EV011,2
403GL0PDI002,0.1
403GL0PDI052A,6.4828
403GL0PI058A,29.6301
403GL0TI044A,41.6782
403GL0TI045A,65.9084
403GL0PI056A,23.1473
0FZI020A,2
0SIC001A,2
4030HC590,2
403GL0TI046A,65.9084
403GL0PI059A,29.6301
403GL0PI055A,24.1605
403GL0PI034,23.1437
403GL0PI055B,23.1473
403GL0TI046B,65.9084
403GL0PI059B,30.6433
403GL0PDI052B,2
403GL0PI058B,2
403GL0TI044B,2
403GL0PI056B,2
403GL0SIC001B,2
403GL0TI045B,2
403GL0FI402,176825.0
0TIC011AOP,38.2769
0TIC011APV,10
0TIC011ASP,68.9873
0TIC011ATV,0.0
0TIC011ACAS,0.0
0TIC011AKC,2
0TIC011ATI,0.5
0TIC011AOPM,36.2783
0TIC011AOPL,0.0
0TIC011AOPH,100.0
0LIC708OP,38.2769
0LIC708PV,10
0LIC708SP,68.9873
0LIC708TV,0.0
0LIC708CAS,0.0
0LIC708KC,2
0LIC708TI,0.5
0LIC708OPM,36.2783
0LIC708OPL,0.0
0LIC708OPH,100.0
403GL0PIC706OP,56.6605
403GL0PIC706PV,4.5
403GL0PIC706SP,4.5
403GL0PIC706TV,0.0
403GL0PIC706CAS,0.0
403GL0PIC706KC,6
403GL0PIC706TI,0.8
403GL0PIC706OPM,56.6605
403GL0PIC706OPL,0.0
403GL0PIC706OPH,100.0
403GL0LI709,44.444
403GL0PDI728,0.92776
403GL0PI705,4.5
403GL0PDI702,0.0881933
0LIC702OP,38.2769
0LIC702PV,10
0LIC702SP,68.9873
0LIC702TV,0.0
0LIC702CAS,0.0
0LIC702KC,2
0LIC702TI,0.5
0LIC702OPM,36.2783
0LIC702OPL,0.0
0LIC702OPH,100.0
0LIC705OP,38.2769
0LIC705PV,10
0LIC705SP,68.9873
0LIC705TV,0.0
0LIC705CAS,0.0
0LIC705KC,2
0LIC705TI,0.5
0LIC705OPM,36.2783
0LIC705OPL,0.0
0LIC705OPH,100.0
403GL0PI743,29.0199
403GL0PI742,467.066
403GL0PI741,0.722442
403GL0PI739,722.442
403GL0PI735,0.770143
403GL0PI736,467.066
403GL0PI730,29.562
403GL0PIC085OP,0
403GL0PIC085PV,29.0199
403GL0PIC085SP,31
403GL0PIC085TV,0.0
403GL0PIC085CAS,0.0
403GL0PIC085KC,4
403GL0PIC085TI,0.2
403GL0PIC085OPM,-1
403GL0PIC085OPL,0.0
403GL0PIC085OPH,100.0
403GL0FI703,5530.39
403GL0PI712,29.562
403GL0PI713,29.562
0FI713,2
403GL0LI703,35.0
403GL0LI706,35.292
0FI706,2
403GL0AI701,0.0047714
403GLP003A,1
403GLP003B,2
403GL0BP705,2
403GL0TI714,213.592
403GL0TI715,81.3413
403GL0LI714,0
403GL0TI438,2
403GL0FI453,2
403GL0FI452,2
403GL0TI437,2
403GL0PI731,0.250576
403GL0LI711,63.5878
403GL0PI711,0.250576
403GL0TI706,204.2
403GL0PIC710OP,0
403GL0PIC710PV,0.199605
403GL0PIC710SP,0.17
403GL0PIC710TV,0.0
403GL0PIC710CAS,0.0
403GL0PIC710KC,3
403GL0PIC710TI,0.8
403GL0PIC710OPM,-1
403GL0PIC710OPL,0.0
403GL0PIC710OPH,100.0
403GL0EV708,1
403GL0EV709,1
403GLBL01A,1
403GLBL01B,2
403GL0EV706,1
407ED0EV021,2
403ARS0EV013,1
403ARS0BPZIC013,2
403ARS0EV010,1
403ARS0EV011,1
403ARS0EV005,1
403ARS0EV008,1
403ARS0EV015,1
403ARS0EV012,1
403ARS0PIC049OP,0
403ARS0PIC049PV,23.4888
403ARS0PIC049SP,24.7
403ARS0PIC049TV,0.0
403ARS0PIC049CAS,0.0
403ARS0PIC049KC,5
403ARS0PIC049TI,1
403ARS0PIC049OPM,0
403ARS0PIC049OPL,0.0
403ARS0PIC049OPH,100.0
403ARS0TIC012OP,50
403ARS0TIC012PV,40.0247
403ARS0TIC012SP,39.9983
403ARS0TIC012TV,1
403ARS0TIC012CAS,0.0
403ARS0TIC012KC,2.5
403ARS0TIC012TI,0.8
403ARS0TIC012OPM,50
403ARS0TIC012OPL,0.0
403ARS0TIC012OPH,100.0
0LIC011OP,38.2769
0LIC011PV,10
0LIC011SP,68.9873
0LIC011TV,0.0
0LIC011CAS,0.0
0LIC011KC,2
0LIC011TI,0.5
0LIC011OPM,36.2783
0LIC011OPL,0.0
0LIC011OPH,100.0
407ES0LIC011BOP,50
407ES0LIC011BPV,52.5182
407ES0LIC011BSP,52.5182
407ES0LIC011BTV,0.0
407ES0LIC011BCAS,0.0
407ES0LIC011BKC,2
407ES0LIC011BTI,20
407ES0LIC011BOPM,50
407ES0LIC011BOPL,0.0
407ES0LIC011BOPH,100.0
0LIC010LOP,38.2769
0LIC010LPV,10
0LIC010LSP,68.9873
0LIC010LTV,0.0
0LIC010LCAS,0.0
0LIC010LKC,2
0LIC010LTI,0.5
0LIC010LOPM,36.2783
0LIC010LOPL,0.0
0LIC010LOPH,100.0
0LIC010ROP,38.2769
0LIC010RPV,10
0LIC010RSP,68.9873
0LIC010RTV,0.0
0LIC010RCAS,0.0
0LIC010RKC,2
0LIC010RTI,0.5
0LIC010ROPM,36.2783
0LIC010ROPL,0.0
0LIC010ROPH,100.0
0LIC003OP,38.2769
0LIC003PV,10
0LIC003SP,68.9873
0LIC003TV,0.0
0LIC003CAS,0.0
0LIC003KC,2
0LIC003TI,0.5
0LIC003OPM,36.2783
0LIC003OPL,0.0
0LIC003OPH,100.0
403ARS0LIC023OP,50
403ARS0LIC023PV,43.9021
403ARS0LIC023SP,43.9021
403ARS0LIC023TV,0.0
403ARS0LIC023CAS,0.0
403ARS0LIC023KC,2
403ARS0LIC023TI,999
403ARS0LIC023OPM,50
403ARS0LIC023OPL,0.0
403ARS0LIC023OPH,100.0
403ARS0TIC040OP,50
403ARS0TIC040PV,45
403ARS0TIC040SP,45.0
403ARS0TIC040TV,0.0
403ARS0TIC040CAS,0.0
403ARS0TIC040KC,3
403ARS0TIC040TI,1
403ARS0TIC040OPM,50
403ARS0TIC040OPL,0.0
403ARS0TIC040OPH,100.0
407ES0PIC007BOP,0
407ES0PIC007BPV,6.97663
407ES0PIC007BSP,8
407ES0PIC007BTV,0.0
407ES0PIC007BCAS,0.0
407ES0PIC007BKC,4
407ES0PIC007BTI,0.5
407ES0PIC007BOPM,0
407ES0PIC007BOPL,0.0
407ES0PIC007BOPH,100.0
403ARS0LI010,1.91375
403ARS0LI019,11.4514
403ARS0TI033,39.7926
403ARS0TI042,40.4824
403ARS0AI001,3.14442
403ARS0LI023,2
0LIC010L,2
403ARS0BP021,2
403ARS0FI002,82864.1
403ARS0TI015,251.386
403ARS0FI007,42256.9
403ARS0TI021,249.933
403ARS0PDI002A,0.715599
403ARS0PDI002B,0.715599
403ARS0BV004,2
407ES0BV004B,2
407ES0EV001,1
403ARS0E001FA01A,1
403ARS0E001FA01B,1
403ARS0E001FA02A,1
403ARS0E001FA02B,1
403ARS0E001FA03A,1
403ARS0E001FA03B,1
403ARS0E001FA04A,1
403ARS0E001FA04B,1
403ARS0TI009,40.0247
0TIC012OP,38.2769
0TIC012PV,10
0TIC012SP,68.9873
0TIC012TV,0.0
0TIC012CAS,0.0
0TIC012KC,2
0TIC012TI,0.5
0TIC012OPM,36.2783
0TIC012OPL,0.0
0TIC012OPH,100.0
403ARS0TIC011OP,50
403ARS0TIC011PV,58.0566
403ARS0TIC011SP,58.0565
403ARS0TIC011TV,0.0
403ARS0TIC011CAS,0.0
403ARS0TIC011KC,47
403ARS0TIC011TI,0.9
403ARS0TIC011OPM,50
403ARS0TIC011OPL,0.0
403ARS0TIC011OPH,100.0
0PIC049OP,38.2769
0PIC049PV,10
0PIC049SP,68.9873
0PIC049TV,0.0
0PIC049CAS,0.0
0PIC049KC,2
0PIC049TI,0.5
0PIC049OPM,36.2783
0PIC049OPL,0.0
0PIC049OPH,100.0
403ARS0BV003,2
403ARS0EV017,1
0BPZIC013,2
403ARS0PDI001,0.0293005
403ARS0PDI008,0
403ARS0LI010,2.82751
403ARS0FI013,2052.95
403ARS0FI014,0
403ARS0LI019,11.4514
403ARS0LI018,14.1375
407ES0LI028,2
403ARS0LI009,0
403ARS0LI015,36.2501
407ES0LIC011OP,38.2769
407ES0LIC011PV,10
407ES0LIC011SP,68.9873
407ES0LIC011TV,0.0
407ES0LIC011CAS,0.0
407ES0LIC011KC,2
407ES0LIC011TI,0.5
407ES0LIC011OPM,36.2783
407ES0LIC011OPL,0.0
407ES0LIC011OPH,100.0
403ARS0BV010,2
403ARS0BPZIC005,2
403ARS0TI036,40.1809
403ARS0PDI041,0.200979
403ARS0TI003,59.6808
403ARS0TI034,40.8678
0LIC003OP,38.2769
0LIC003PV,10
0LIC003SP,68.9873
0LIC003TV,0.0
0LIC003CAS,0.0
0LIC003KC,2
0LIC003TI,0.5
0LIC003OPM,36.2783
0LIC003OPL,0.0
0LIC003OPH,100.0
403ARS0LI026,50.2046
407ES0LI027,50
0FI014B,2
0TIC040OP,38.2769
0TIC040PV,10
0TIC040SP,68.9873
0TIC040TV,0.0
0TIC040CAS,0.0
0TIC040KC,2
0TIC040TI,0.5
0TIC040OPM,36.2783
0TIC040OPL,0.0
0TIC040OPH,100.0
403ARS0BPZIC012,2
403ARS0BPZIC015,2
403ARS0PDI010,0.0015948
403ARS0LI022,90.0001
403ARS0PIC007OP,0
403ARS0PIC007PV,22.7872
403ARS0PIC007SP,24
403ARS0PIC007TV,0.0
403ARS0PIC007CAS,0.0
403ARS0PIC007KC,5
403ARS0PIC007TI,0.5
403ARS0PIC007OPM,0
403ARS0PIC007OPL,0.0
403ARS0PIC007OPH,100.0
407ES0EV002,1
407ES0EV035,1
407ES0EV044,1
407ES0EV026,1
407ES0HV001,1
407ES0EV006,1
407ES0EV036,1
407ES0PIC059OP,0
407ES0PIC059PV,36.787
407ES0PIC059SP,38.5
407ES0PIC059TV,0.0
407ES0PIC059CAS,0.0
407ES0PIC059KC,5
407ES0PIC059TI,0.5
407ES0PIC059OPM,-1
407ES0PIC059OPL,0.0
407ES0PIC059OPH,100.0
407ES0TIC014OP,50
407ES0TIC014PV,39.9709
407ES0TIC014SP,39.9707
407ES0TIC014TV,0.0
407ES0TIC014CAS,0.0
407ES0TIC014KC,3
407ES0TIC014TI,0.5
407ES0TIC014OPM,50
407ES0TIC014OPL,0.0
407ES0TIC014OPH,100.0
403ARS0LIC003OP,50
403ARS0LIC003PV,50.2043
403ARS0LIC003SP,50.2043
403ARS0LIC003TV,0.0
403ARS0LIC003CAS,0.0
403ARS0LIC003KC,2
403ARS0LIC003TI,999
403ARS0LIC003OPM,50
403ARS0LIC003OPL,0.0
403ARS0LIC003OPH,100.0
407ES0LIC003BOP,50
407ES0LIC003BPV,49.995
407ES0LIC003BSP,49.995
407ES0LIC003BTV,0.0
407ES0LIC003BCAS,0.0
407ES0LIC003BKC,2
407ES0LIC003BTI,30
407ES0LIC003BOPM,50
407ES0LIC003BOPL,0.0
407ES0LIC003BOPH,100.0
407ES0FIC016AOP,50
407ES0FIC016APV,49.995
407ES0FIC016ASP,49.995
407ES0FIC016ATV,0.0
407ES0FIC016ACAS,0.0
407ES0FIC016AKC,2
407ES0FIC016ATI,30
407ES0FIC016AOPM,50
407ES0FIC016AOPL,0.0
407ES0FIC016AOPH,100.0
407ES0FIC014AOP,50
407ES0FIC014APV,30.8218
407ES0FIC014ASP,30.8218
407ES0FIC014ATV,0.0
407ES0FIC014ACAS,0.0
407ES0FIC014AKC,2
407ES0FIC014ATI,1
407ES0FIC014AOPM,50
407ES0FIC014AOPL,0.0
407ES0FIC014AOPH,100.0
403ARS0FIC016AOP,50
403ARS0FIC016APV,10.2739
403ARS0FIC016ASP,10.2739
403ARS0FIC016ATV,0.0
403ARS0FIC016ACAS,0.0
403ARS0FIC016AKC,2
403ARS0FIC016ATI,1
403ARS0FIC016AOPM,50
403ARS0FIC016AOPL,0.0
403ARS0FIC016AOPH,100.0
407ES0LIC007OP,50
407ES0LIC007PV,63.9072
407ES0LIC007SP,63.9072
407ES0LIC007TV,0.0
407ES0LIC007CAS,0.0
407ES0LIC007KC,2
407ES0LIC007TI,999
407ES0LIC007OPM,50
407ES0LIC007OPL,0.0
407ES0LIC007OPH,100.0
0LIC029OP,38.2769
0LIC029PV,10
0LIC029SP,68.9873
0LIC029TV,0.0
0LIC029CAS,0.0
0LIC029KC,2
0LIC029TI,0.5
0LIC029OPM,36.2783
0LIC029OPL,0.0
0LIC029OPH,100.0
0LI029,62
0LI029TV,0
0LI029PV,100
0LI029SP,100
0LI029OP,100
407ES0EV038,1
407ES0P012AB,1
407ES0EV027,1
407ES0P011B,2
407ES0P011A,1
407ES0EV037,1
407ES0PIC060OP,50
407ES0PIC060PV,6.97663
407ES0PIC060SP,6.97675
407ES0PIC060TV,0.0
407ES0PIC060CAS,0.0
407ES0PIC060KC,4
407ES0PIC060TI,0.5
407ES0PIC060OPM,50
407ES0PIC060OPL,0.0
407ES0PIC060OPH,100.0
407ES0PIC063OP,0
407ES0PIC063PV,6.97663
407ES0PIC063SP,5
407ES0PIC063TV,0.0
407ES0PIC063CAS,0.0
407ES0PIC063KC,5
407ES0PIC063TI,0.5
407ES0PIC063OPM,0
407ES0PIC063OPL,0.0
407ES0PIC063OPH,100.0
0PIC007OP,38.2769
0PIC007PV,10
0PIC007SP,68.9873
0PIC007TV,0.0
0PIC007CAS,0.0
0PIC007KC,2
0PIC007TI,0.5
0PIC007OPM,36.2783
0PIC007OPL,0.0
0PIC007OPH,100.0
407ES0PIC001OP,50
407ES0PIC001PV,0.986708
407ES0PIC001SP,0.986708
407ES0PIC001TV,0.0
407ES0PIC001CAS,0.0
407ES0PIC001KC,5
407ES0PIC001TI,0.5
407ES0PIC001OPM,50
407ES0PIC001OPL,0.0
407ES0PIC001OPH,100.0
407ES0PIC181OP,50
407ES0PIC181PV,4.5
407ES0PIC181SP,4.5
407ES0PIC181TV,0.0
407ES0PIC181CAS,0.0
407ES0PIC181KC,5
407ES0PIC181TI,0.4
407ES0PIC181OPM,50
407ES0PIC181OPL,0.0
407ES0PIC181OPH,100.0
407ES0FIC015OP,50
407ES0FIC015PV,5023.52
407ES0FIC015SP,5023.52
407ES0FIC015TV,0.0
407ES0FIC015CAS,1.0
407ES0FIC015KC,2
407ES0FIC015TI,1
407ES0FIC015OPM,50
407ES0FIC015OPL,0.0
407ES0FIC015OPH,100.0
407ES0TIC064OP,50
407ES0TIC064PV,155.058
407ES0TIC064SP,155.058
407ES0TIC064TV,0.0
407ES0TIC064CAS,0.0
407ES0TIC064KC,3
407ES0TIC064TI,0.5
407ES0TIC064OPM,50
407ES0TIC064OPL,0.0
407ES0TIC064OPH,100.0
407ES0LIC015OP,50
407ES0LIC015PV,55.9942
407ES0LIC015SP,55.9942
407ES0LIC015TV,0.0
407ES0LIC015CAS,0.0
407ES0LIC015KC,2
407ES0LIC015TI,999
407ES0LIC015OPM,50
407ES0LIC015OPL,0.0
407ES0LIC015OPH,100.0
407ES0LIC012OP,50
407ES0LIC012PV,57.5874
407ES0LIC012SP,57.5874
407ES0LIC012TV,0.0
407ES0LIC012CAS,0.0
407ES0LIC012KC,2
407ES0LIC012TI,50
407ES0LIC012OPM,50
407ES0LIC012OPL,0.0
407ES0LIC012OPH,100.0
407ES0TIC015OP,5023.52
407ES0TIC015PV,122.689
407ES0TIC015SP,122.689
407ES0TIC015TV,0.0
407ES0TIC015CAS,0.0
407ES0TIC015KC,5
407ES0TIC015TI,0.4
407ES0TIC015OPM,5023.52
407ES0TIC015OPL,0.0
407ES0TIC015OPH,10047.0
407ES0TIC100OP,50
407ES0TIC100PV,58.0004
407ES0TIC100SP,58.0004
407ES0TIC100TV,0.0
407ES0TIC100CAS,0.0
407ES0TIC100KC,3
407ES0TIC100TI,0.5
407ES0TIC100OPM,50
407ES0TIC100OPL,0.0
407ES0TIC100OPH,100.0
407ES0FIC022BOP,38.2769
407ES0FIC022BPV,10
407ES0FIC022BSP,15.3
407ES0FIC022BTV,0.0
407ES0FIC022BCAS,0.0
407ES0FIC022BKC,2
407ES0FIC022BTI,1
407ES0FIC022BOPM,0
407ES0FIC022BOPL,0.0
407ES0FIC022BOPH,100.0
403ARS0LIC011OP,50
403ARS0LIC011PV,40
403ARS0LIC011SP,40
403ARS0LIC011TV,0.0
403ARS0LIC011CAS,0.0
403ARS0LIC011KC,2
403ARS0LIC011TI,999
403ARS0LIC011OPM,50
403ARS0LIC011OPL,0.0
403ARS0LIC011OPH,100.0
407ES0LIC037OP,50
407ES0LIC037PV,59.433
407ES0LIC037SP,59.433
407ES0LIC037TV,0.0
407ES0LIC037CAS,0.0
407ES0LIC037KC,2
407ES0LIC037TI,50
407ES0LIC037OPM,50
407ES0LIC037OPL,0.0
407ES0LIC037OPH,100.0
407ES0TIC034OP,50
407ES0TIC034PV,41.8337
407ES0TIC034SP,41.8337
407ES0TIC034TV,0.0
407ES0TIC034CAS,0.0
407ES0TIC034KC,3.5
407ES0TIC034TI,0.2
407ES0TIC034OPM,50
407ES0TIC034OPL,0.0
407ES0TIC034OPH,100.0
407ES0PIC064OP,0
407ES0PIC064PV,1.22669
407ES0PIC064SP,0.6
407ES0PIC064TV,0.0
407ES0PIC064CAS,0.0
407ES0PIC064KC,4
407ES0PIC064TI,0.5
407ES0PIC064OPM,0
407ES0PIC064OPL,0.0
407ES0PIC064OPH,100.0
407ES0PIC075OP,0
407ES0PIC075PV,0.986708
407ES0PIC075SP,1.15
407ES0PIC075TV,0.0
407ES0PIC075CAS,0.0
407ES0PIC075KC,4
407ES0PIC075TI,0.5
407ES0PIC075OPM,0
407ES0PIC075OPL,0.0
407ES0PIC075OPH,100.0
0FIC002BOP,38.2769
0FIC002BPV,10
0FIC002BSP,68.9873
0FIC002BTV,0.0
0FIC002BCAS,0.0
0FIC002BKC,2
0FIC002BTI,0.5
0FIC002BOPM,36.2783
0FIC002BOPL,0.0
0FIC002BOPH,100.0
407ESP012A,1
407ESP012B,2
0BPZIC035,2
0BPZIC026,2
407ES0TI076,59.4966
407ES0TI050,43.6926
407ES0TI045,44.8911
407ES0LI026B,0
407ES0PI003,42.5868
407ES0TI132,47.2211
407ES0FI016B,10.2739
407ES0AI004A,961.871
407ES0AI004B,0.887597
407ES0AI004C,98.4091
407ES0AI004D,0.612102
407ES0AI004E,5.57618
407ES0AI004F,79.6313
407ES0AI004G,0
407ES0AI004H,0
407ES0PDI246,0.301678
407ES0FI022A,41.0957
407ES0BV006,2
0UV003,1
407ES0EV049,1
0BPZIC002,2
407ES0PDI051A,0.035
407ES0PDI051B,0.5
407ES0AI005A,166.669
407ES0AI005B,10.5126
407ES0AI005C,0.010304
407ES0AI005D,98.4104
407ES0AI005E,0.898443
407ES0AI005F,0
407ES0AI005G,0
407ES0AI005H,1
407ES0FI110,15.1341
407ES0TI059,40.8157
407ES0FI109,10523.9
407ES0TI058,40.3951
407ES0PI010,6.97663
407ES0FI004,17.574
407ES0LI010,49.7912
407ES0LI009B,47.5138
407ES0PI177,1.38676
407ES0TI133,59.4887
407ES0TI185,58.0004
407ES0TI134,43.1532
407ES0PI053,6.88675
407ES0TI135,115.68
407ES0PI178,6.48675
407ES0FI011,0
407ES0TI136,131.083
407ES0PI179,1.78676
407ES0LI013,62.6017
407ES0PDI004,0.21244
407ES0TI062,129.739
407ES0TI063,129.739
407ES0TI010,131.065
407ES0FI015,5023.52
407ES0TI219,187.432
407ES0PI065,1.22669
407ES0PI070,3.48675
407ES0EV038,1
407ES0BPZIC038,2
407-P011A,1
407-P011B,2
407ES0FI158,0
407ES0FI037,3574.41
407ES0LI023,54.4644
407ES0FI020,299.924
407ES0TI035,41.8337
407ES0FI043A,3.61132
407ES0FI008,0
407ES0LI014,38.7239
407ES0LI080,63.1539
407ESTK407003H,2.99876
407ESTK407003V,85.7646
407ES0LI127,59.9639
407ED0KV018A,2
407ED0KV018B,2
407ED0KV018C,2
407ED0KV017A,2
407ED0KV017B,2
407ED0KV017C,2
407ED0KV031A,1
407ED0KV031B,1
407ED0KV031C,2
407ED0KV028A,2
407ED0KV028B,2
407ED0KV028C,1
407ED0KV029A,2
407ED0KV029B,2
407ED0KV029C,2
407ED0KV034A,2
407ED0KV034B,2
407ED0KV034C,2
407ED0KV027A,1
407ED0KV027B,1
407ED0KV027C,2
407ED0KV019A,2
407ED0KV019B,2
407ED0FIC031OP,100
407ED0FIC031PV,0.0156674
407ED0FIC031SP,15000
407ED0FIC031TV,0.0
407ED0FIC031CAS,0.0
407ED0FIC031KC,10
407ED0FIC031TI,0.01
407ED0FIC031OPM,100
407ED0FIC031OPL,0.0
407ED0FIC031OPH,100.0
407ED0PIC283AOP,50
407ED0PIC283APV,33.4756
407ED0PIC283ASP,33.4756
407ED0PIC283ATV,0.0
407ED0PIC283ACAS,0.0
407ED0PIC283AKC,15
407ED0PIC283ATI,0.05
407ED0PIC283AOPM,50
407ED0PIC283AOPL,0.0
407ED0PIC283AOPH,100.0
407ED0PIC283BOP,50
407ED0PIC283BPV,33.2834
407ED0PIC283BSP,33.2834
407ED0PIC283BTV,0.0
407ED0PIC283BCAS,0.0
407ED0PIC283BKC,15
407ED0PIC283BTI,0.02
407ED0PIC283BOPM,50
407ED0PIC283BOPL,0.0
407ED0PIC283BOPH,100.0
407ED0PIC015AOP,50
407ED0PIC015APV,33.4756
407ED0PIC015ASP,33.4756
407ED0PIC015ATV,0.0
407ED0PIC015ACAS,0.0
407ED0PIC015AKC,15
407ED0PIC015ATI,0.05
407ED0PIC015AOPM,50
407ED0PIC015AOPL,0.0
407ED0PIC015AOPH,100.0
407ED0PIC017OP,50
407ED0PIC017PV,33.4756
407ED0PIC017SP,33.2842
407ED0PIC017TV,0.0
407ED0PIC017CAS,0.0
407ED0PIC017KC,15
407ED0PIC017TI,0.05
407ED0PIC017OPM,50
407ED0PIC017OPL,0.0
407ED0PIC017OPH,100.0
407ED0EV012,2
407ED0EV025,1
407ED0EV011,1
407ED0KV026A,2
407ED0KV026B,2
407ED0KV026C,2
0BV001,2
407ED0PI251,37.7332
407ED0PI005,37.305
407ED0TI041C,39.4709
407ED0TI041B,39.6295
407ED0TI041A,39.6295
407ED0PDI009C,0
407ED0PDI009B,1.8934
407ED0PDI009A,1.8934
407ED0TI040C,39.3973
407ED0TI040B,37.4751
407ED0TI040A,37.4751
407ED0TI116,47.4132
407ED0AI002C,0
407ED0AI002B,17.6129
407ED0AI002A,17.6128
407ED0PI248,37.444
407ED0PI002,37.444
407ED0FI031,0.0207889
407ED0PI216,26.3003
407ED0PDI282A,50.1443
407ES0PDI282B,50.1443
407ED0TI212,36.4495
407EDPDI306,0.384708
407ED0TI211,37.1741
407ED0BP020,2
407ED0BPZIC011,2
407ED0BPZIC012,2
403GL0BV011,2
407ED0PDI258,0.14417
403GL0FIC707BOP,13.0774
403GL0FIC707BPV,18.5767
403GL0FIC707BSP,18.5767
403GL0FIC707BTV,0.0
403GL0FIC707BCAS,1
403GL0FIC707BKC,2
403GL0FIC707BTI,1
403GL0FIC707BOPM,13.0774
403GL0FIC707BOPL,0.0
403GL0FIC707BOPH,100.0
403GL0FIC020OP,0
403GL0FIC020PV,5093.27
403GL0FIC020SP,3359.54
403GL0FIC020TV,0.0
403GL0FIC020CAS,1
403GL0FIC020KC,5
403GL0FIC020TI,1
403GL0FIC020OPM,-1
403GL0FIC020OPL,0.0
403GL0FIC020OPH,100.0
403GL0LIC016OP,44.4487
403GL0LIC016PV,68.7485
403GL0LIC016SP,68.7602
403GL0LIC016TV,0.0
403GL0LIC016CAS,0.0
403GL0LIC016KC,3
403GL0LIC016TI,999
403GL0LIC016OPM,44.4487
403GL0LIC016OPL,0.0
403GL0LIC016OPH,100.0
407ED0BP011,2
407ED0BP012,2
403ARS0LIC023OP,50
403ARS0LIC023PV,43.9021
403ARS0LIC023SP,43.9021
403ARS0LIC023TV,0.0
403ARS0LIC023CAS,0.0
403ARS0LIC023KC,2
403ARS0LIC023TI,999
403ARS0LIC023OPM,50
403ARS0LIC023OPL,0.0
403ARS0LIC023OPH,100.0
407ES-Tin,250.0
407ES-C1in,914.5
407ES-C2in,6.15938
407ES-C3in,0.304179
407ES-IC4in,0.0084588
407ES-NC4in,0.0084588
407ES-N2in,0.833194
407ES-H2Oin,22.7295
407ES-CO2in,0.0350195
407ES-H2Sin,0.122823
407ES-GPin,23.7
407ES-EPin,37.7
407ES-Pout,24.0
407ES-GTout,40.95
407ES-GNC1out,76482.7
407ES-GC2out,973.805
407ES-GC3out,70.67
407ES-GIC4out,5.69
407ES-GH2Oout,380.09
407ES-GN2out,121.7
407ES-GCO2out,4.04
407ES-GH2Sout,0.82
407ES-ETout,40.0
407ES-EFmout,185775.0
407ES-EC1out,0.0088609
407ES-EC2out,0.982917
407ES-EC3out,0.0061219
407ES-EIC4out,3e-06
407ES-ENC4out,9e-07
407ES-EH2Oout,0.002057
407ES-EN2out,0
407ES-ECO2out,3.39999e-05
407ES-EH2Sout,5e-06
403GL-Fin,4839.26
407ES-Fout,4839.26
403GL-Tin,40.9495
403GL-C1in,76675.1
403GL-C2in,976.232
403GL-C3in,70.8458
403GL-IC4in,5.7029
403GL-H2Oin,380.927
403GL-N2in,122.006
403GL-CO2in,6.0825
403GL-H2Sin,1.08968
403GL-Pout,23.7
407ED-Tin,40
407ED-Fmin,185775.0
407ED-C1in,0.0088609
407ED-C2in,0.982917
407ED-C3in,0.0061219
407ED-IC4in,3e-06
407ED-NC4in,1e-06
407ED-H2Oin,0.002057
407ED-N2in,0.0
407ED-CO2in,3.4e-05
407ED-H2Sin,5e-06
407ED-Pin,24
407ED-Pout,37.7
407ED-Tout,26.0768
407ED-C1out,4.04437
407ED-C2out,448.534
407ED-C3out,2.79365
407ED-IC4out,0.001369
407ED-NC4out,0.000456335
407ED-N2out,7.67249e-07
407ED-H2Sout,0.00228165
407ED-H2Oout,0.938669
407ED-CO2out,0.0155152
407ED0HS015A,1
407ED0HS015B,2
407EDHS283A,1
407EDHS283B,2
0PV015OP,50
0PV015PV,43.9021
0PV015SP,43.9021
0PV015TV,0.0
0PV015CAS,0.0
0PV015KC,2
0PV015TI,999
0PV015OPM,50
0PV015OPL,0.0
0PV015OPH,100.0
0PV283OP,50
0PV283PV,43.9021
0PV283SP,43.9021
0PV283TV,0.0
0PV283CAS,0.0
0PV283KC,2
0PV283TI,999
0PV283OPM,50
0PV283OPL,0.0
0PV283OPH,100.0
403GL0SIC001AOP,11612.3
403GL0SIC001APV,29.6301
403GL0SIC001ASP,29.6301
403GL0SIC001ATV,0.0
403GL0SIC001ACAS,0.0
403GL0SIC001AKC,5
403GL0SIC001ATI,0.8
403GL0SIC001AOPM,11612.3
403GL0SIC001AOPL,10859.0
403GL0SIC001AOPH,14479.0
403GL0SIC001BOP,10859.0
403GL0SIC001BPV,29.6301
403GL0SIC001BSP,27
403GL0SIC001BTV,0.0
403GL0SIC001BCAS,0.0
403GL0SIC001BKC,5
403GL0SIC001BTI,0.2
403GL0SIC001BOPM,10822.8
403GL0SIC001BOPL,10859.0
403GL0SIC001BOPH,14479.0
403ARS0LI019TV,0
403ARS0LI019PV,11.4514
403ARS0LI019OP,11.4514
403ARS0LI019SP,11.4514
403ARS0LI010TV,0
403ARS0LI010PV,11.4514
403ARS0LI010OP,11.4514
403ARS0LI010SP,11.4514
403ARS0EV021,1
403GLFilter,1
403GLFilter2,2
407ES0BPZIC035,2
